epidemiological_week,date,order_for_place,state,city,city_ibge_code,place_type,last_available_confirmed,last_available_confirmed_per_100k_inhabitants,new_confirmed,last_available_deaths,new_deaths,last_available_death_rate,estimated_population,is_last,is_repeated
202142,2021-10-20,549,PA,Oriximiná,1505304,city,8243,11136.78124,0,165,0,0.02,74016,False,True
202142,2021-10-19,548,PA,Oriximiná,1505304,city,8243,11136.78124,0,165,0,0.02,74016,False,True
202142,2021-10-18,547,PA,Oriximiná,1505304,city,8243,11136.78124,0,165,0,0.02,74016,False,True
202142,2021-10-17,546,PA,Oriximiná,1505304,city,8243,11136.78124,4,165,3,0.02,74016,True,False
202141,2021-10-16,545,PA,Oriximiná,1505304,city,8239,11131.377,0,162,0,0.0197,74016,False,True
202141,2021-10-15,544,PA,Oriximiná,1505304,city,8239,11131.377,20,162,1,0.0197,74016,False,False
202141,2021-10-14,543,PA,Oriximiná,1505304,city,8219,11104.35581,4,161,0,0.0196,74016,False,False
202141,2021-10-13,542,PA,Oriximiná,1505304,city,8215,11098.95158,8,161,0,0.0196,74016,False,False
202141,2021-10-12,541,PA,Oriximiná,1505304,city,8207,11088.1431,9,161,0,0.0196,74016,False,False
202141,2021-10-11,540,PA,Oriximiná,1505304,city,8198,11075.98357,0,161,0,0.0196,74016,False,True
202141,2021-10-10,539,PA,Oriximiná,1505304,city,8198,11075.98357,4,161,1,0.0196,74016,False,False
202140,2021-10-09,538,PA,Oriximiná,1505304,city,8194,11070.57933,0,160,0,0.0195,74016,False,True
202140,2021-10-08,537,PA,Oriximiná,1505304,city,8194,11070.57933,0,160,0,0.0195,74016,False,True
202140,2021-10-07,536,PA,Oriximiná,1505304,city,8194,11070.57933,0,160,0,0.0195,74016,False,True
202140,2021-10-06,535,PA,Oriximiná,1505304,city,8194,11070.57933,10,160,1,0.0195,74016,False,False
202140,2021-10-05,534,PA,Oriximiná,1505304,city,8184,11057.06874,9,159,5,0.0194,74016,False,False
202140,2021-10-04,533,PA,Oriximiná,1505304,city,8175,11044.90921,0,154,0,0.0188,74016,False,True
202140,2021-10-03,532,PA,Oriximiná,1505304,city,8175,11044.90921,0,154,0,0.0188,74016,False,True
202139,2021-10-02,531,PA,Oriximiná,1505304,city,8175,11044.90921,0,154,0,0.0188,74016,False,True
202139,2021-10-01,530,PA,Oriximiná,1505304,city,8175,11044.90921,0,154,0,0.0188,74016,False,True
202139,2021-09-30,529,PA,Oriximiná,1505304,city,8175,11044.90921,0,154,0,0.0188,74016,False,True
202139,2021-09-29,528,PA,Oriximiná,1505304,city,8175,11044.90921,0,154,0,0.0188,74016,False,True
202139,2021-09-28,527,PA,Oriximiná,1505304,city,8175,11044.90921,0,154,0,0.0188,74016,False,True
202139,2021-09-27,526,PA,Oriximiná,1505304,city,8175,11044.90921,0,154,0,0.0188,74016,False,True
202139,2021-09-26,525,PA,Oriximiná,1505304,city,8175,11044.90921,0,154,0,0.0188,74016,False,True
202138,2021-09-25,524,PA,Oriximiná,1505304,city,8175,11044.90921,0,154,0,0.0188,74016,False,True
202138,2021-09-24,523,PA,Oriximiná,1505304,city,8175,11044.90921,0,154,0,0.0188,74016,False,True
202138,2021-09-23,522,PA,Oriximiná,1505304,city,8175,11044.90921,0,154,0,0.0188,74016,False,True
202138,2021-09-22,521,PA,Oriximiná,1505304,city,8175,11044.90921,1,154,0,0.0188,74016,False,False
202138,2021-09-21,520,PA,Oriximiná,1505304,city,8174,11043.55815,10,154,8,0.0188,74016,False,False
202138,2021-09-20,519,PA,Oriximiná,1505304,city,8164,11030.04756,5,146,0,0.0179,74016,False,False
202138,2021-09-19,518,PA,Oriximiná,1505304,city,8159,11023.29226,0,146,0,0.0179,74016,False,True
202137,2021-09-18,517,PA,Oriximiná,1505304,city,8159,11023.29226,0,146,0,0.0179,74016,False,False
202137,2021-09-17,516,PA,Oriximiná,1505304,city,8159,11023.29226,0,146,0,0.0179,74016,False,True
202137,2021-09-16,515,PA,Oriximiná,1505304,city,8159,11023.29226,0,146,1,0.0179,74016,False,False
202137,2021-09-15,514,PA,Oriximiná,1505304,city,8159,11023.29226,0,145,1,0.0178,74016,False,False
202137,2021-09-14,513,PA,Oriximiná,1505304,city,8159,11023.29226,0,144,0,0.0176,74016,False,False
202137,2021-09-13,512,PA,Oriximiná,1505304,city,8159,11023.29226,1,144,1,0.0176,74016,False,False
202137,2021-09-12,511,PA,Oriximiná,1505304,city,8158,11021.9412,0,143,0,0.0175,74016,False,False
202136,2021-09-11,510,PA,Oriximiná,1505304,city,8158,11021.9412,1,143,0,0.0175,74016,False,False
202136,2021-09-10,509,PA,Oriximiná,1505304,city,8157,11020.59014,1,143,1,0.0175,74016,False,False
202136,2021-09-09,508,PA,Oriximiná,1505304,city,8156,11019.23908,0,142,0,0.0174,74016,False,False
202136,2021-09-08,507,PA,Oriximiná,1505304,city,8156,11019.23908,0,142,0,0.0174,74016,False,False
202136,2021-09-07,506,PA,Oriximiná,1505304,city,8156,11019.23908,0,142,0,0.0174,74016,False,False
202136,2021-09-06,505,PA,Oriximiná,1505304,city,8156,11019.23908,1,142,0,0.0174,74016,False,False
202136,2021-09-05,504,PA,Oriximiná,1505304,city,8155,11017.88802,0,142,1,0.0174,74016,False,False
202135,2021-09-04,503,PA,Oriximiná,1505304,city,8155,11017.88802,5,141,0,0.0173,74016,False,False
202135,2021-09-03,502,PA,Oriximiná,1505304,city,8150,11011.13273,5,141,0,0.0173,74016,False,False
202135,2021-09-02,501,PA,Oriximiná,1505304,city,8145,11004.37743,6,141,1,0.0173,74016,False,False
202135,2021-09-01,500,PA,Oriximiná,1505304,city,8139,10996.27108,2,140,1,0.0172,74016,False,False
202135,2021-08-31,499,PA,Oriximiná,1505304,city,8137,10993.56896,5,139,0,0.0171,74016,False,False
202135,2021-08-30,498,PA,Oriximiná,1505304,city,8132,10986.81366,2,139,0,0.0171,74016,False,False
202135,2021-08-29,497,PA,Oriximiná,1505304,city,8130,10984.11154,0,139,0,0.0171,74016,False,False
202134,2021-08-28,496,PA,Oriximiná,1505304,city,8130,10984.11154,0,139,0,0.0171,74016,False,False
202134,2021-08-27,495,PA,Oriximiná,1505304,city,8130,10984.11154,1,139,1,0.0171,74016,False,False
202134,2021-08-26,494,PA,Oriximiná,1505304,city,8129,10982.76048,3,138,2,0.017,74016,False,False
202134,2021-08-25,493,PA,Oriximiná,1505304,city,8126,10978.70731,3,136,1,0.0167,74016,False,False
202134,2021-08-24,492,PA,Oriximiná,1505304,city,8123,10974.65413,3,135,0,0.0166,74016,False,False
202134,2021-08-23,491,PA,Oriximiná,1505304,city,8120,10970.60095,1,135,0,0.0166,74016,False,False
202134,2021-08-22,490,PA,Oriximiná,1505304,city,8119,10969.24989,0,135,0,0.0166,74016,False,False
202133,2021-08-21,489,PA,Oriximiná,1505304,city,8119,10969.24989,0,135,0,0.0166,74016,False,False
202133,2021-08-20,488,PA,Oriximiná,1505304,city,8119,10969.24989,0,135,0,0.0166,74016,False,False
202133,2021-08-19,487,PA,Oriximiná,1505304,city,8119,10969.24989,0,135,0,0.0166,74016,False,False
202133,2021-08-18,486,PA,Oriximiná,1505304,city,8119,10969.24989,0,135,0,0.0166,74016,False,False
202133,2021-08-17,485,PA,Oriximiná,1505304,city,8119,10969.24989,0,135,0,0.0166,74016,False,False
202133,2021-08-16,484,PA,Oriximiná,1505304,city,8119,10969.24989,0,135,0,0.0166,74016,False,False
202133,2021-08-15,483,PA,Oriximiná,1505304,city,8119,10969.24989,0,135,0,0.0166,74016,False,False
202132,2021-08-14,482,PA,Oriximiná,1505304,city,8119,10969.24989,1,135,0,0.0166,74016,False,False
202132,2021-08-13,481,PA,Oriximiná,1505304,city,8118,10967.89883,2,135,0,0.0166,74016,False,False
202132,2021-08-12,480,PA,Oriximiná,1505304,city,8116,10965.19671,20,135,0,0.0166,74016,False,False
202132,2021-08-11,479,PA,Oriximiná,1505304,city,8096,10938.17553,14,135,1,0.0167,74016,False,False
202132,2021-08-10,478,PA,Oriximiná,1505304,city,8082,10919.2607,0,134,0,0.0166,74016,False,False
202132,2021-08-09,477,PA,Oriximiná,1505304,city,8082,10919.2607,1,134,0,0.0166,74016,False,False
202132,2021-08-08,476,PA,Oriximiná,1505304,city,8081,10917.90964,0,134,0,0.0166,74016,False,False
202131,2021-08-07,475,PA,Oriximiná,1505304,city,8081,10917.90964,0,134,0,0.0166,74016,False,False
202131,2021-08-06,474,PA,Oriximiná,1505304,city,8081,10917.90964,1,134,1,0.0166,74016,False,False
202131,2021-08-05,473,PA,Oriximiná,1505304,city,8080,10916.55858,3,133,0,0.0165,74016,False,False
202131,2021-08-04,472,PA,Oriximiná,1505304,city,8077,10912.5054,4,133,0,0.0165,74016,False,False
202131,2021-08-03,471,PA,Oriximiná,1505304,city,8073,10907.10117,11,133,0,0.0165,74016,False,False
202131,2021-08-02,470,PA,Oriximiná,1505304,city,8062,10892.23952,0,133,0,0.0165,74016,False,False
202131,2021-08-01,469,PA,Oriximiná,1505304,city,8062,10892.23952,0,133,0,0.0165,74016,False,False
202130,2021-07-31,468,PA,Oriximiná,1505304,city,8062,10892.23952,0,133,0,0.0165,74016,False,False
202130,2021-07-30,467,PA,Oriximiná,1505304,city,8062,10892.23952,0,133,0,0.0165,74016,False,False
202130,2021-07-29,466,PA,Oriximiná,1505304,city,8062,10892.23952,0,133,2,0.0165,74016,False,False
202130,2021-07-28,465,PA,Oriximiná,1505304,city,8062,10892.23952,0,131,0,0.0162,74016,False,False
202130,2021-07-27,464,PA,Oriximiná,1505304,city,8062,10892.23952,0,131,0,0.0162,74016,False,False
202130,2021-07-26,463,PA,Oriximiná,1505304,city,8062,10892.23952,0,131,0,0.0162,74016,False,False
202130,2021-07-25,462,PA,Oriximiná,1505304,city,8062,10892.23952,0,131,0,0.0162,74016,False,False
202129,2021-07-24,461,PA,Oriximiná,1505304,city,8062,10892.23952,0,131,0,0.0162,74016,False,False
202129,2021-07-23,460,PA,Oriximiná,1505304,city,8062,10892.23952,3,131,0,0.0162,74016,False,False
202129,2021-07-22,459,PA,Oriximiná,1505304,city,8059,10888.18634,0,131,0,0.0163,74016,False,False
202129,2021-07-21,458,PA,Oriximiná,1505304,city,8059,10888.18634,3,131,1,0.0163,74016,False,False
202129,2021-07-20,457,PA,Oriximiná,1505304,city,8056,10884.13316,9,130,0,0.0161,74016,False,False
202129,2021-07-19,456,PA,Oriximiná,1505304,city,8047,10871.97363,16,130,0,0.0162,74016,False,False
202129,2021-07-18,455,PA,Oriximiná,1505304,city,8031,10850.35668,0,130,0,0.0162,74016,False,False
202128,2021-07-17,454,PA,Oriximiná,1505304,city,8031,10850.35668,0,130,0,0.0162,74016,False,False
202128,2021-07-16,453,PA,Oriximiná,1505304,city,8031,10850.35668,0,130,1,0.0162,74016,False,False
202128,2021-07-15,452,PA,Oriximiná,1505304,city,8031,10850.35668,0,129,1,0.0161,74016,False,False
202128,2021-07-14,451,PA,Oriximiná,1505304,city,8031,10850.35668,1,128,0,0.0159,74016,False,False
202128,2021-07-13,450,PA,Oriximiná,1505304,city,8030,10849.00562,35,128,0,0.0159,74016,False,False
202128,2021-07-12,449,PA,Oriximiná,1505304,city,7995,10801.71855,21,128,0,0.016,74016,False,False
202128,2021-07-11,448,PA,Oriximiná,1505304,city,7974,10773.3463,0,128,0,0.0161,74016,False,False
202127,2021-07-10,447,PA,Oriximiná,1505304,city,7974,10773.3463,8,128,0,0.0161,74016,False,False
202127,2021-07-09,446,PA,Oriximiná,1505304,city,7966,10762.53783,0,128,0,0.0161,74016,False,False
202127,2021-07-08,445,PA,Oriximiná,1505304,city,7966,10762.53783,0,128,1,0.0161,74016,False,False
202127,2021-07-07,444,PA,Oriximiná,1505304,city,7966,10762.53783,1,127,0,0.0159,74016,False,False
202127,2021-07-06,443,PA,Oriximiná,1505304,city,7965,10761.18677,23,127,0,0.0159,74016,False,False
202127,2021-07-05,442,PA,Oriximiná,1505304,city,7942,10730.11241,0,127,0,0.016,74016,False,False
202127,2021-07-04,441,PA,Oriximiná,1505304,city,7942,10730.11241,0,127,0,0.016,74016,False,False
202126,2021-07-03,440,PA,Oriximiná,1505304,city,7942,10730.11241,0,127,0,0.016,74016,False,False
202126,2021-07-02,439,PA,Oriximiná,1505304,city,7942,10730.11241,0,127,0,0.016,74016,False,False
202126,2021-07-01,438,PA,Oriximiná,1505304,city,7942,10730.11241,0,127,0,0.016,74016,False,False
202126,2021-06-30,437,PA,Oriximiná,1505304,city,7942,10730.11241,17,127,1,0.016,74016,False,False
202126,2021-06-29,436,PA,Oriximiná,1505304,city,7925,10707.1444,15,126,2,0.0159,74016,False,False
202126,2021-06-28,435,PA,Oriximiná,1505304,city,7910,10686.87851,41,124,0,0.0157,74016,False,False
202126,2021-06-27,434,PA,Oriximiná,1505304,city,7869,10631.48508,0,124,0,0.0158,74016,False,False
202125,2021-06-26,433,PA,Oriximiná,1505304,city,7869,10631.48508,0,124,0,0.0158,74016,False,False
202125,2021-06-25,432,PA,Oriximiná,1505304,city,7869,10631.48508,0,124,0,0.0158,74016,False,False
202125,2021-06-24,431,PA,Oriximiná,1505304,city,7869,10631.48508,0,124,0,0.0158,74016,False,False
202125,2021-06-23,430,PA,Oriximiná,1505304,city,7869,10631.48508,0,124,0,0.0158,74016,False,False
202125,2021-06-22,429,PA,Oriximiná,1505304,city,7869,10631.48508,1,124,1,0.0158,74016,False,False
202125,2021-06-21,428,PA,Oriximiná,1505304,city,7868,10630.13403,0,123,0,0.0156,74016,False,False
202125,2021-06-20,427,PA,Oriximiná,1505304,city,7868,10630.13403,0,123,0,0.0156,74016,False,False
202124,2021-06-19,426,PA,Oriximiná,1505304,city,7868,10630.13403,0,123,0,0.0156,74016,False,False
202124,2021-06-18,425,PA,Oriximiná,1505304,city,7868,10630.13403,0,123,0,0.0156,74016,False,False
202124,2021-06-17,424,PA,Oriximiná,1505304,city,7868,10630.13403,0,123,0,0.0156,74016,False,False
202124,2021-06-16,423,PA,Oriximiná,1505304,city,7868,10630.13403,10,123,0,0.0156,74016,False,False
202124,2021-06-15,422,PA,Oriximiná,1505304,city,7858,10616.62343,10,123,0,0.0157,74016,False,False
202124,2021-06-14,421,PA,Oriximiná,1505304,city,7848,10603.11284,27,123,0,0.0157,74016,False,False
202124,2021-06-13,420,PA,Oriximiná,1505304,city,7821,10566.63424,0,123,0,0.0157,74016,False,False
202123,2021-06-12,419,PA,Oriximiná,1505304,city,7821,10566.63424,10,123,0,0.0157,74016,False,False
202123,2021-06-11,418,PA,Oriximiná,1505304,city,7811,10553.12365,70,123,0,0.0157,74016,False,False
202123,2021-06-10,417,PA,Oriximiná,1505304,city,7741,10458.5495,69,123,0,0.0159,74016,False,False
202123,2021-06-09,416,PA,Oriximiná,1505304,city,7672,10365.32642,42,123,0,0.016,74016,False,False
202123,2021-06-08,415,PA,Oriximiná,1505304,city,7630,10308.58193,50,123,0,0.0161,74016,False,False
202123,2021-06-07,414,PA,Oriximiná,1505304,city,7580,10241.02897,41,123,0,0.0162,74016,False,False
202123,2021-06-06,413,PA,Oriximiná,1505304,city,7539,10185.63554,0,123,0,0.0163,74016,False,False
202122,2021-06-05,412,PA,Oriximiná,1505304,city,7539,10185.63554,0,123,0,0.0163,74016,False,False
202122,2021-06-04,411,PA,Oriximiná,1505304,city,7539,10185.63554,0,123,0,0.0163,74016,False,False
202122,2021-06-03,410,PA,Oriximiná,1505304,city,7539,10185.63554,0,123,0,0.0163,74016,False,False
202122,2021-06-02,409,PA,Oriximiná,1505304,city,7539,10185.63554,3,123,0,0.0163,74016,False,False
202122,2021-06-01,408,PA,Oriximiná,1505304,city,7536,10181.58236,1,123,0,0.0163,74016,False,False
202122,2021-05-31,407,PA,Oriximiná,1505304,city,7535,10180.2313,0,123,0,0.0163,74016,False,False
202122,2021-05-30,406,PA,Oriximiná,1505304,city,7535,10180.2313,0,123,0,0.0163,74016,False,False
202121,2021-05-29,405,PA,Oriximiná,1505304,city,7535,10180.2313,0,123,0,0.0163,74016,False,False
202121,2021-05-28,404,PA,Oriximiná,1505304,city,7535,10180.2313,0,123,0,0.0163,74016,False,False
202121,2021-05-27,403,PA,Oriximiná,1505304,city,7535,10180.2313,0,123,0,0.0163,74016,False,False
202121,2021-05-26,402,PA,Oriximiná,1505304,city,7535,10180.2313,0,123,1,0.0163,74016,False,False
202121,2021-05-25,401,PA,Oriximiná,1505304,city,7535,10180.2313,1,122,0,0.0162,74016,False,False
202121,2021-05-24,400,PA,Oriximiná,1505304,city,7534,10178.88024,1,122,0,0.0162,74016,False,False
202121,2021-05-23,399,PA,Oriximiná,1505304,city,7533,10177.52918,0,122,0,0.0162,74016,False,False
202120,2021-05-22,398,PA,Oriximiná,1505304,city,7533,10177.52918,0,122,0,0.0162,74016,False,False
202120,2021-05-21,397,PA,Oriximiná,1505304,city,7533,10177.52918,0,122,0,0.0162,74016,False,False
202120,2021-05-20,396,PA,Oriximiná,1505304,city,7533,10177.52918,0,122,0,0.0162,74016,False,False
202120,2021-05-19,395,PA,Oriximiná,1505304,city,7533,10177.52918,0,122,0,0.0162,74016,False,False
202120,2021-05-18,394,PA,Oriximiná,1505304,city,7533,10177.52918,1,122,0,0.0162,74016,False,False
202120,2021-05-17,393,PA,Oriximiná,1505304,city,7532,10176.17812,1,122,1,0.0162,74016,False,False
202120,2021-05-16,392,PA,Oriximiná,1505304,city,7531,10174.82706,0,121,0,0.0161,74016,False,False
202119,2021-05-15,391,PA,Oriximiná,1505304,city,7531,10174.82706,0,121,0,0.0161,74016,False,False
202119,2021-05-14,390,PA,Oriximiná,1505304,city,7531,10174.82706,2,121,1,0.0161,74016,False,False
202119,2021-05-13,389,PA,Oriximiná,1505304,city,7529,10172.12495,2,120,0,0.0159,74016,False,False
202119,2021-05-12,388,PA,Oriximiná,1505304,city,7527,10169.42283,0,120,1,0.0159,74016,False,False
202119,2021-05-11,387,PA,Oriximiná,1505304,city,7527,10169.42283,1,119,0,0.0158,74016,False,False
202119,2021-05-10,386,PA,Oriximiná,1505304,city,7526,10168.07177,0,119,0,0.0158,74016,False,False
202119,2021-05-09,385,PA,Oriximiná,1505304,city,7526,10168.07177,0,119,0,0.0158,74016,False,False
202118,2021-05-08,384,PA,Oriximiná,1505304,city,7526,10168.07177,0,119,0,0.0158,74016,False,False
202118,2021-05-07,383,PA,Oriximiná,1505304,city,7526,10168.07177,7,119,1,0.0158,74016,False,False
202118,2021-05-06,382,PA,Oriximiná,1505304,city,7519,10158.61435,80,118,0,0.0157,74016,False,False
202118,2021-05-05,381,PA,Oriximiná,1505304,city,7439,10050.52962,42,118,0,0.0159,74016,False,False
202118,2021-05-04,380,PA,Oriximiná,1505304,city,7397,9993.78513,60,118,1,0.016,74016,False,False
202118,2021-05-03,379,PA,Oriximiná,1505304,city,7337,9912.72157,9,117,0,0.0159,74016,False,False
202118,2021-05-02,378,PA,Oriximiná,1505304,city,7328,9900.56204,0,117,0,0.016,74016,False,False
202117,2021-05-01,377,PA,Oriximiná,1505304,city,7328,9900.56204,0,117,0,0.016,74016,False,False
202117,2021-04-30,376,PA,Oriximiná,1505304,city,7328,9900.56204,1,117,0,0.016,74016,False,False
202117,2021-04-29,375,PA,Oriximiná,1505304,city,7327,9899.21098,4,117,1,0.016,74016,False,False
202117,2021-04-28,374,PA,Oriximiná,1505304,city,7323,9893.80674,39,116,0,0.0158,74016,False,False
202117,2021-04-27,373,PA,Oriximiná,1505304,city,7284,9841.11543,24,116,3,0.0159,74016,False,False
202117,2021-04-26,372,PA,Oriximiná,1505304,city,7260,9808.69001,25,113,0,0.0156,74016,False,False
202117,2021-04-25,371,PA,Oriximiná,1505304,city,7235,9774.91353,6,113,5,0.0156,74016,False,False
202116,2021-04-24,370,PA,Oriximiná,1505304,city,7229,9766.80718,0,108,0,0.0149,74016,False,False
202116,2021-04-23,369,PA,Oriximiná,1505304,city,7229,9766.80718,0,108,0,0.0149,74016,False,False
202116,2021-04-22,368,PA,Oriximiná,1505304,city,7229,9766.80718,28,108,0,0.0149,74016,False,False
202116,2021-04-21,367,PA,Oriximiná,1505304,city,7201,9728.97752,0,108,0,0.015,74016,False,False
202116,2021-04-20,366,PA,Oriximiná,1505304,city,7201,9728.97752,0,108,1,0.015,74016,False,False
202116,2021-04-19,365,PA,Oriximiná,1505304,city,7201,9728.97752,0,107,5,0.0149,74016,False,False
202116,2021-04-18,364,PA,Oriximiná,1505304,city,7201,9728.97752,45,102,0,0.0142,74016,False,False
202115,2021-04-17,363,PA,Oriximiná,1505304,city,7156,9668.17985,0,102,4,0.0143,74016,False,False
202115,2021-04-16,362,PA,Oriximiná,1505304,city,7156,9668.17985,0,98,2,0.0137,74016,False,False
202115,2021-04-15,361,PA,Oriximiná,1505304,city,7156,9668.17985,62,96,1,0.0134,74016,False,False
202115,2021-04-14,360,PA,Oriximiná,1505304,city,7094,9584.41418,69,95,0,0.0134,74016,False,False
202115,2021-04-13,359,PA,Oriximiná,1505304,city,7025,9491.19109,36,95,9,0.0135,74016,False,False
202115,2021-04-12,358,PA,Oriximiná,1505304,city,6989,9442.55296,30,86,3,0.0123,74016,False,False
202115,2021-04-11,357,PA,Oriximiná,1505304,city,6959,9402.02118,0,83,0,0.0119,74016,False,False
202114,2021-04-10,356,PA,Oriximiná,1505304,city,6959,9402.02118,0,83,0,0.0119,74016,False,False
202114,2021-04-09,355,PA,Oriximiná,1505304,city,6959,9402.02118,1,83,0,0.0119,74016,False,False
202114,2021-04-08,354,PA,Oriximiná,1505304,city,6958,9400.67013,0,83,0,0.0119,74016,False,False
202114,2021-04-07,353,PA,Oriximiná,1505304,city,6958,9400.67013,1,83,0,0.0119,74016,False,False
202114,2021-04-06,352,PA,Oriximiná,1505304,city,6957,9399.31907,44,83,0,0.0119,74016,False,False
202114,2021-04-05,351,PA,Oriximiná,1505304,city,6913,9339.87246,1,83,0,0.012,74016,False,False
202114,2021-04-04,350,PA,Oriximiná,1505304,city,6912,9338.5214,0,83,0,0.012,74016,False,False
202113,2021-04-03,349,PA,Oriximiná,1505304,city,6912,9338.5214,0,83,0,0.012,74016,False,False
202113,2021-04-02,348,PA,Oriximiná,1505304,city,6912,9338.5214,0,83,0,0.012,74016,False,False
202113,2021-04-01,347,PA,Oriximiná,1505304,city,6912,9338.5214,33,83,1,0.012,74016,False,False
202113,2021-03-31,346,PA,Oriximiná,1505304,city,6879,9293.93645,34,82,0,0.0119,74016,False,False
202113,2021-03-30,345,PA,Oriximiná,1505304,city,6845,9248.00043,1,82,0,0.012,74016,False,False
202113,2021-03-29,344,PA,Oriximiná,1505304,city,6844,9246.64937,20,82,0,0.012,74016,False,False
202113,2021-03-28,343,PA,Oriximiná,1505304,city,6824,9219.62819,0,82,1,0.012,74016,False,False
202112,2021-03-27,342,PA,Oriximiná,1505304,city,6824,9219.62819,1,81,0,0.0119,74016,False,False
202112,2021-03-26,341,PA,Oriximiná,1505304,city,6823,9218.27713,50,81,0,0.0119,74016,False,False
202112,2021-03-25,340,PA,Oriximiná,1505304,city,6773,9150.72417,1,81,0,0.012,74016,False,False
202112,2021-03-24,339,PA,Oriximiná,1505304,city,6772,9149.37311,0,81,0,0.012,74016,False,False
202112,2021-03-23,338,PA,Oriximiná,1505304,city,6772,9149.37311,26,81,0,0.012,74016,False,False
202112,2021-03-22,337,PA,Oriximiná,1505304,city,6746,9114.24557,22,81,1,0.012,74016,False,False
202112,2021-03-21,336,PA,Oriximiná,1505304,city,6724,9084.52227,0,80,0,0.0119,74016,False,False
202111,2021-03-20,335,PA,Oriximiná,1505304,city,6724,9084.52227,0,80,0,0.0119,74016,False,False
202111,2021-03-19,334,PA,Oriximiná,1505304,city,6724,9084.52227,36,80,0,0.0119,74016,False,False
202111,2021-03-18,333,PA,Oriximiná,1505304,city,6688,9035.88413,65,80,0,0.012,74016,False,False
202111,2021-03-17,332,PA,Oriximiná,1505304,city,6623,8948.06528,48,80,2,0.0121,74016,False,False
202111,2021-03-16,331,PA,Oriximiná,1505304,city,6575,8883.21444,2,78,1,0.0119,74016,False,False
202111,2021-03-15,330,PA,Oriximiná,1505304,city,6573,8880.51232,48,77,0,0.0117,74016,False,False
202111,2021-03-14,329,PA,Oriximiná,1505304,city,6525,8815.66148,15,77,0,0.0118,74016,False,False
202110,2021-03-13,328,PA,Oriximiná,1505304,city,6510,8795.39559,1,77,0,0.0118,74016,False,False
202110,2021-03-12,327,PA,Oriximiná,1505304,city,6509,8794.04453,1,77,1,0.0118,74016,False,False
202110,2021-03-11,326,PA,Oriximiná,1505304,city,6508,8792.69347,1,76,2,0.0117,74016,False,False
202110,2021-03-10,325,PA,Oriximiná,1505304,city,6507,8791.34241,2,74,0,0.0114,74016,False,False
202110,2021-03-09,324,PA,Oriximiná,1505304,city,6505,8788.64029,2,74,0,0.0114,74016,False,False
202110,2021-03-08,323,PA,Oriximiná,1505304,city,6503,8785.93818,1,74,0,0.0114,74016,False,False
202110,2021-03-07,322,PA,Oriximiná,1505304,city,6502,8784.58712,1,74,0,0.0114,74016,False,False
202109,2021-03-06,321,PA,Oriximiná,1505304,city,6501,8783.23606,0,74,0,0.0114,74016,False,False
202109,2021-03-05,320,PA,Oriximiná,1505304,city,6501,8783.23606,1,74,0,0.0114,74016,False,False
202109,2021-03-04,319,PA,Oriximiná,1505304,city,6500,8781.885,26,74,0,0.0114,74016,False,False
202109,2021-03-03,318,PA,Oriximiná,1505304,city,6474,8746.75746,33,74,0,0.0114,74016,False,False
202109,2021-03-02,317,PA,Oriximiná,1505304,city,6441,8702.1725,27,74,0,0.0115,74016,False,False
202109,2021-03-01,316,PA,Oriximiná,1505304,city,6414,8665.6939,52,74,0,0.0115,74016,False,False
202109,2021-02-28,315,PA,Oriximiná,1505304,city,6362,8595.43882,0,74,0,0.0116,74016,False,False
202108,2021-02-27,314,PA,Oriximiná,1505304,city,6362,8595.43882,3,74,0,0.0116,74016,False,False
202108,2021-02-26,313,PA,Oriximiná,1505304,city,6359,8591.38565,52,74,0,0.0116,74016,False,False
202108,2021-02-25,312,PA,Oriximiná,1505304,city,6307,8521.13057,24,74,0,0.0117,74016,False,False
202108,2021-02-24,311,PA,Oriximiná,1505304,city,6283,8488.70514,0,74,2,0.0118,74016,False,False
202108,2021-02-23,310,PA,Oriximiná,1505304,city,6283,8488.70514,0,72,1,0.0115,74016,False,False
202108,2021-02-22,309,PA,Oriximiná,1505304,city,6283,8488.70514,54,71,5,0.0113,74016,False,False
202108,2021-02-21,308,PA,Oriximiná,1505304,city,6229,8415.74795,64,66,0,0.0106,74016,False,False
202107,2021-02-20,307,PA,Oriximiná,1505304,city,6165,8329.28016,42,66,0,0.0107,74016,False,False
202107,2021-02-19,306,PA,Oriximiná,1505304,city,6123,8272.53567,35,66,0,0.0108,74016,False,False
202107,2021-02-18,305,PA,Oriximiná,1505304,city,6088,8225.24859,25,66,0,0.0108,74016,False,False
202107,2021-02-17,304,PA,Oriximiná,1505304,city,6063,8191.47211,30,66,0,0.0109,74016,False,False
202107,2021-02-16,303,PA,Oriximiná,1505304,city,6033,8150.94034,16,66,0,0.0109,74016,False,False
202107,2021-02-15,302,PA,Oriximiná,1505304,city,6017,8129.32339,61,66,0,0.011,74016,False,False
202107,2021-02-14,301,PA,Oriximiná,1505304,city,5956,8046.90878,65,66,0,0.0111,74016,False,False
202106,2021-02-13,300,PA,Oriximiná,1505304,city,5891,7959.08993,9,66,0,0.0112,74016,False,False
202106,2021-02-12,299,PA,Oriximiná,1505304,city,5882,7946.93039,0,66,1,0.0112,74016,False,False
202106,2021-02-11,298,PA,Oriximiná,1505304,city,5882,7946.93039,1,65,0,0.0111,74016,False,False
202106,2021-02-10,297,PA,Oriximiná,1505304,city,5881,7945.57933,0,65,0,0.0111,74016,False,False
202106,2021-02-09,296,PA,Oriximiná,1505304,city,5881,7945.57933,0,65,0,0.0111,74016,False,False
202106,2021-02-08,295,PA,Oriximiná,1505304,city,5881,7945.57933,46,65,0,0.0111,74016,False,False
202106,2021-02-07,294,PA,Oriximiná,1505304,city,5835,7883.43061,49,65,0,0.0111,74016,False,False
202105,2021-02-06,293,PA,Oriximiná,1505304,city,5786,7817.22871,43,65,0,0.0112,74016,False,False
202105,2021-02-05,292,PA,Oriximiná,1505304,city,5743,7759.13316,0,65,0,0.0113,74016,False,False
202105,2021-02-04,291,PA,Oriximiná,1505304,city,5743,7759.13316,0,65,0,0.0113,74016,False,False
202105,2021-02-03,290,PA,Oriximiná,1505304,city,5743,7759.13316,2,65,0,0.0113,74016,False,False
202105,2021-02-02,289,PA,Oriximiná,1505304,city,5741,7756.43104,0,65,0,0.0113,74016,False,False
202105,2021-02-01,288,PA,Oriximiná,1505304,city,5741,7756.43104,0,65,0,0.0113,74016,False,False
202105,2021-01-31,287,PA,Oriximiná,1505304,city,5741,7756.43104,0,65,0,0.0113,74016,False,False
202104,2021-01-30,286,PA,Oriximiná,1505304,city,5741,7756.43104,0,65,0,0.0113,74016,False,False
202104,2021-01-29,285,PA,Oriximiná,1505304,city,5741,7756.43104,0,65,0,0.0113,74016,False,False
202104,2021-01-28,284,PA,Oriximiná,1505304,city,5741,7756.43104,0,65,0,0.0113,74016,False,False
202104,2021-01-27,283,PA,Oriximiná,1505304,city,5741,7756.43104,0,65,0,0.0113,74016,False,False
202104,2021-01-26,282,PA,Oriximiná,1505304,city,5741,7756.43104,0,65,0,0.0113,74016,False,False
202104,2021-01-25,281,PA,Oriximiná,1505304,city,5741,7756.43104,0,65,0,0.0113,74016,False,False
202104,2021-01-24,280,PA,Oriximiná,1505304,city,5741,7756.43104,0,65,0,0.0113,74016,False,False
202103,2021-01-23,279,PA,Oriximiná,1505304,city,5741,7756.43104,0,65,0,0.0113,74016,False,False
202103,2021-01-22,278,PA,Oriximiná,1505304,city,5741,7756.43104,0,65,0,0.0113,74016,False,False
202103,2021-01-21,277,PA,Oriximiná,1505304,city,5741,7756.43104,0,65,1,0.0113,74016,False,False
202103,2021-01-20,276,PA,Oriximiná,1505304,city,5741,7756.43104,0,64,0,0.0111,74016,False,False
202103,2021-01-19,275,PA,Oriximiná,1505304,city,5741,7756.43104,0,64,0,0.0111,74016,False,False
202103,2021-01-18,274,PA,Oriximiná,1505304,city,5741,7756.43104,0,64,0,0.0111,74016,False,False
202103,2021-01-17,273,PA,Oriximiná,1505304,city,5741,7756.43104,46,64,0,0.0111,74016,False,False
202102,2021-01-16,272,PA,Oriximiná,1505304,city,5695,7694.28232,0,64,0,0.0112,74016,False,False
202102,2021-01-15,271,PA,Oriximiná,1505304,city,5695,7694.28232,0,64,0,0.0112,74016,False,False
202102,2021-01-14,270,PA,Oriximiná,1505304,city,5695,7694.28232,19,64,2,0.0112,74016,False,False
202102,2021-01-13,269,PA,Oriximiná,1505304,city,5676,7668.61219,27,62,2,0.0109,74016,False,False
202102,2021-01-12,268,PA,Oriximiná,1505304,city,5649,7632.13359,28,60,1,0.0106,74016,False,False
202102,2021-01-11,267,PA,Oriximiná,1505304,city,5621,7594.30393,0,59,0,0.0105,74016,False,False
202102,2021-01-10,266,PA,Oriximiná,1505304,city,5621,7594.30393,0,59,0,0.0105,74016,False,False
202101,2021-01-09,265,PA,Oriximiná,1505304,city,5621,7594.30393,15,59,0,0.0105,74016,False,False
202101,2021-01-08,264,PA,Oriximiná,1505304,city,5606,7574.03805,2,59,0,0.0105,74016,False,False
202101,2021-01-07,263,PA,Oriximiná,1505304,city,5604,7571.33593,8,59,0,0.0105,74016,False,False
202101,2021-01-06,262,PA,Oriximiná,1505304,city,5596,7560.52745,17,59,0,0.0105,74016,False,False
202101,2021-01-05,261,PA,Oriximiná,1505304,city,5579,7537.55945,25,59,0,0.0106,74016,False,False
202101,2021-01-04,260,PA,Oriximiná,1505304,city,5554,7503.78297,0,59,0,0.0106,74016,False,False
202101,2021-01-03,259,PA,Oriximiná,1505304,city,5554,7503.78297,0,59,0,0.0106,74016,False,False
202053,2021-01-02,258,PA,Oriximiná,1505304,city,5554,7503.78297,0,59,0,0.0106,74016,False,False
202053,2021-01-01,257,PA,Oriximiná,1505304,city,5554,7503.78297,0,59,0,0.0106,74016,False,False
202053,2020-12-31,256,PA,Oriximiná,1505304,city,5554,7503.78297,28,59,0,0.0106,74016,False,False
202053,2020-12-30,255,PA,Oriximiná,1505304,city,5526,7465.95331,0,59,0,0.0107,74016,False,False
202053,2020-12-29,254,PA,Oriximiná,1505304,city,5526,7465.95331,11,59,1,0.0107,74016,False,False
202053,2020-12-28,253,PA,Oriximiná,1505304,city,5515,7451.09166,0,58,0,0.0105,74016,False,False
202053,2020-12-27,252,PA,Oriximiná,1505304,city,5515,7451.09166,43,58,0,0.0105,74016,False,False
202052,2020-12-26,251,PA,Oriximiná,1505304,city,5472,7392.99611,8,58,0,0.0106,74016,False,False
202052,2020-12-25,250,PA,Oriximiná,1505304,city,5464,7382.18764,0,58,0,0.0106,74016,False,False
202052,2020-12-24,249,PA,Oriximiná,1505304,city,5464,7382.18764,0,58,0,0.0106,74016,False,False
202052,2020-12-23,248,PA,Oriximiná,1505304,city,5464,7382.18764,12,58,0,0.0106,74016,False,False
202052,2020-12-22,247,PA,Oriximiná,1505304,city,5452,7365.97492,9,58,0,0.0106,74016,False,False
202052,2020-12-21,246,PA,Oriximiná,1505304,city,5443,7353.81539,86,58,0,0.0107,74016,False,False
202052,2020-12-20,245,PA,Oriximiná,1505304,city,5357,7237.6243,54,58,0,0.0108,74016,False,False
202051,2020-12-19,244,PA,Oriximiná,1505304,city,5303,7164.6671,0,58,0,0.0109,74016,False,False
202051,2020-12-18,243,PA,Oriximiná,1505304,city,5303,7164.6671,1,58,0,0.0109,74016,False,False
202051,2020-12-17,242,PA,Oriximiná,1505304,city,5302,7163.31604,5,58,0,0.0109,74016,False,False
202051,2020-12-16,241,PA,Oriximiná,1505304,city,5297,7156.56074,67,58,0,0.0109,74016,False,False
202051,2020-12-15,240,PA,Oriximiná,1505304,city,5230,7066.03978,25,58,0,0.0111,74016,False,False
202051,2020-12-14,239,PA,Oriximiná,1505304,city,5205,7032.26329,0,58,0,0.0111,74016,False,False
202051,2020-12-13,238,PA,Oriximiná,1505304,city,5205,7032.26329,0,58,0,0.0111,74016,False,False
202050,2020-12-12,237,PA,Oriximiná,1505304,city,5205,7032.26329,0,58,0,0.0111,74016,False,False
202050,2020-12-11,236,PA,Oriximiná,1505304,city,5205,7032.26329,0,58,0,0.0111,74016,False,False
202050,2020-12-10,235,PA,Oriximiná,1505304,city,5205,7032.26329,0,58,0,0.0111,74016,False,False
202050,2020-12-09,234,PA,Oriximiná,1505304,city,5205,7032.26329,28,58,0,0.0111,74016,False,False
202050,2020-12-08,233,PA,Oriximiná,1505304,city,5177,6994.43364,61,58,0,0.0112,74016,False,False
202050,2020-12-07,232,PA,Oriximiná,1505304,city,5116,6912.01902,0,58,0,0.0113,74016,False,False
202050,2020-12-06,231,PA,Oriximiná,1505304,city,5116,6912.01902,52,58,0,0.0113,74016,False,False
202049,2020-12-05,230,PA,Oriximiná,1505304,city,5064,6841.76394,51,58,0,0.0115,74016,False,False
202049,2020-12-04,229,PA,Oriximiná,1505304,city,5013,6772.85992,0,58,0,0.0116,74016,False,False
202049,2020-12-03,228,PA,Oriximiná,1505304,city,5013,6772.85992,19,58,0,0.0116,74016,False,False
202049,2020-12-02,227,PA,Oriximiná,1505304,city,4994,6747.1898,52,58,0,0.0116,74016,False,False
202049,2020-12-01,226,PA,Oriximiná,1505304,city,4942,6676.93472,0,58,0,0.0117,74016,False,False
202049,2020-11-30,225,PA,Oriximiná,1505304,city,4942,6676.93472,2,58,0,0.0117,74016,False,False
202049,2020-11-29,224,PA,Oriximiná,1505304,city,4940,6674.2326,0,58,0,0.0117,74016,False,False
202048,2020-11-28,223,PA,Oriximiná,1505304,city,4940,6674.2326,0,58,0,0.0117,74016,False,False
202048,2020-11-27,222,PA,Oriximiná,1505304,city,4940,6674.2326,0,58,0,0.0117,74016,False,False
202048,2020-11-26,221,PA,Oriximiná,1505304,city,4940,6674.2326,0,58,0,0.0117,74016,False,False
202048,2020-11-25,220,PA,Oriximiná,1505304,city,4940,6674.2326,21,58,0,0.0117,74016,False,False
202048,2020-11-24,219,PA,Oriximiná,1505304,city,4919,6645.86035,7,58,0,0.0118,74016,False,False
202048,2020-11-23,218,PA,Oriximiná,1505304,city,4912,6636.40294,18,58,0,0.0118,74016,False,False
202048,2020-11-22,217,PA,Oriximiná,1505304,city,4894,6612.08387,12,58,0,0.0119,74016,False,False
202047,2020-11-21,216,PA,Oriximiná,1505304,city,4882,6595.87116,0,58,0,0.0119,74016,False,False
202047,2020-11-20,215,PA,Oriximiná,1505304,city,4882,6595.87116,39,58,0,0.0119,74016,False,False
202047,2020-11-19,214,PA,Oriximiná,1505304,city,4843,6543.17985,3,58,0,0.012,74016,False,False
202047,2020-11-18,213,PA,Oriximiná,1505304,city,4840,6539.12668,30,58,0,0.012,74016,False,False
202047,2020-11-17,212,PA,Oriximiná,1505304,city,4810,6498.5949,0,58,0,0.0121,74016,False,False
202047,2020-11-16,211,PA,Oriximiná,1505304,city,4810,6498.5949,0,58,0,0.0121,74016,False,False
202047,2020-11-15,210,PA,Oriximiná,1505304,city,4810,6498.5949,0,58,0,0.0121,74016,False,False
202046,2020-11-14,209,PA,Oriximiná,1505304,city,4810,6498.5949,0,58,0,0.0121,74016,False,False
202046,2020-11-13,208,PA,Oriximiná,1505304,city,4810,6498.5949,3,58,0,0.0121,74016,False,False
202046,2020-11-12,207,PA,Oriximiná,1505304,city,4807,6494.54172,14,58,0,0.0121,74016,False,False
202046,2020-11-11,206,PA,Oriximiná,1505304,city,4793,6475.62689,25,58,0,0.0121,74016,False,False
202046,2020-11-10,205,PA,Oriximiná,1505304,city,4768,6441.85041,0,58,0,0.0122,74016,False,False
202046,2020-11-09,204,PA,Oriximiná,1505304,city,4768,6441.85041,82,58,0,0.0122,74016,False,False
202046,2020-11-08,203,PA,Oriximiná,1505304,city,4686,6331.06355,0,58,0,0.0124,74016,False,False
202045,2020-11-07,202,PA,Oriximiná,1505304,city,4686,6331.06355,0,58,0,0.0124,74016,False,False
202045,2020-11-06,201,PA,Oriximiná,1505304,city,4686,6331.06355,24,58,0,0.0124,74016,False,False
202045,2020-11-05,200,PA,Oriximiná,1505304,city,4662,6298.63813,0,58,0,0.0124,74016,False,False
202045,2020-11-04,199,PA,Oriximiná,1505304,city,4662,6298.63813,0,58,0,0.0124,74016,False,False
202045,2020-11-03,198,PA,Oriximiná,1505304,city,4662,6298.63813,0,58,0,0.0124,74016,False,False
202045,2020-11-02,197,PA,Oriximiná,1505304,city,4662,6298.63813,0,58,0,0.0124,74016,False,False
202045,2020-11-01,196,PA,Oriximiná,1505304,city,4662,6298.63813,3,58,0,0.0124,74016,False,False
202044,2020-10-31,195,PA,Oriximiná,1505304,city,4659,6294.58495,0,58,0,0.0124,74016,False,False
202044,2020-10-30,194,PA,Oriximiná,1505304,city,4659,6294.58495,19,58,0,0.0124,74016,False,False
202044,2020-10-29,193,PA,Oriximiná,1505304,city,4640,6268.91483,53,58,0,0.0125,74016,False,False
202044,2020-10-28,192,PA,Oriximiná,1505304,city,4587,6197.30869,10,58,0,0.0126,74016,False,False
202044,2020-10-27,191,PA,Oriximiná,1505304,city,4577,6183.7981,36,58,0,0.0127,74016,False,False
202044,2020-10-26,190,PA,Oriximiná,1505304,city,4541,6135.15997,74,58,0,0.0128,74016,False,False
202044,2020-10-25,189,PA,Oriximiná,1505304,city,4467,6035.18158,2,58,0,0.013,74016,False,False
202043,2020-10-24,188,PA,Oriximiná,1505304,city,4465,6032.47946,0,58,0,0.013,74016,False,False
202043,2020-10-23,187,PA,Oriximiná,1505304,city,4465,6032.47946,6,58,0,0.013,74016,False,False
202043,2020-10-22,186,PA,Oriximiná,1505304,city,4459,6024.37311,0,58,0,0.013,74016,False,False
202043,2020-10-21,185,PA,Oriximiná,1505304,city,4459,6024.37311,0,58,0,0.013,74016,False,False
202043,2020-10-20,184,PA,Oriximiná,1505304,city,4459,6024.37311,0,58,0,0.013,74016,False,False
202043,2020-10-19,183,PA,Oriximiná,1505304,city,4459,6024.37311,0,58,0,0.013,74016,False,False
202043,2020-10-18,182,PA,Oriximiná,1505304,city,4459,6024.37311,0,58,0,0.013,74016,False,False
202042,2020-10-17,181,PA,Oriximiná,1505304,city,4459,6024.37311,0,58,0,0.013,74016,False,False
202042,2020-10-16,180,PA,Oriximiná,1505304,city,4459,6024.37311,0,58,0,0.013,74016,False,False
202042,2020-10-15,179,PA,Oriximiná,1505304,city,4459,6024.37311,0,58,0,0.013,74016,False,False
202042,2020-10-14,178,PA,Oriximiná,1505304,city,4459,6024.37311,0,58,0,0.013,74016,False,False
202042,2020-10-13,177,PA,Oriximiná,1505304,city,4459,6024.37311,0,58,0,0.013,74016,False,False
202042,2020-10-12,176,PA,Oriximiná,1505304,city,4459,6024.37311,0,58,0,0.013,74016,False,False
202042,2020-10-11,175,PA,Oriximiná,1505304,city,4459,6024.37311,0,58,0,0.013,74016,False,False
202041,2020-10-10,174,PA,Oriximiná,1505304,city,4459,6024.37311,0,58,0,0.013,74016,False,False
202041,2020-10-09,173,PA,Oriximiná,1505304,city,4459,6024.37311,10,58,0,0.013,74016,False,False
202041,2020-10-08,172,PA,Oriximiná,1505304,city,4449,6010.86252,20,58,0,0.013,74016,False,False
202041,2020-10-07,171,PA,Oriximiná,1505304,city,4429,5983.84133,18,58,0,0.0131,74016,False,False
202041,2020-10-06,170,PA,Oriximiná,1505304,city,4411,5959.52227,34,58,0,0.0131,74016,False,False
202041,2020-10-05,169,PA,Oriximiná,1505304,city,4377,5913.58625,12,58,0,0.0133,74016,False,False
202041,2020-10-04,168,PA,Oriximiná,1505304,city,4365,5897.37354,0,58,0,0.0133,74016,False,False
202040,2020-10-03,167,PA,Oriximiná,1505304,city,4365,5897.37354,44,58,0,0.0133,74016,False,False
202040,2020-10-02,166,PA,Oriximiná,1505304,city,4321,5837.92693,54,58,0,0.0134,74016,False,False
202040,2020-10-01,165,PA,Oriximiná,1505304,city,4267,5764.96974,15,58,0,0.0136,74016,False,False
202040,2020-09-30,164,PA,Oriximiná,1505304,city,4252,5744.70385,20,58,0,0.0136,74016,False,False
202040,2020-09-29,163,PA,Oriximiná,1505304,city,4232,5717.68266,42,58,0,0.0137,74016,False,False
202040,2020-09-28,162,PA,Oriximiná,1505304,city,4190,5660.93818,0,58,0,0.0138,74016,False,False
202040,2020-09-27,161,PA,Oriximiná,1505304,city,4190,5660.93818,16,58,0,0.0138,74016,False,False
202039,2020-09-26,160,PA,Oriximiná,1505304,city,4174,5639.32123,31,58,0,0.0139,74016,False,False
202039,2020-09-25,159,PA,Oriximiná,1505304,city,4143,5597.43839,0,58,3,0.014,74016,False,False
202039,2020-09-24,158,PA,Oriximiná,1505304,city,4143,5597.43839,18,55,1,0.0133,74016,False,False
202039,2020-09-23,157,PA,Oriximiná,1505304,city,4125,5573.11933,1,54,1,0.0131,74016,False,False
202039,2020-09-22,156,PA,Oriximiná,1505304,city,4124,5571.76827,6,53,1,0.0129,74016,False,False
202039,2020-09-21,155,PA,Oriximiná,1505304,city,4118,5563.66191,11,52,0,0.0126,74016,False,False
202039,2020-09-20,154,PA,Oriximiná,1505304,city,4107,5548.80026,0,52,0,0.0127,74016,False,False
202038,2020-09-19,153,PA,Oriximiná,1505304,city,4107,5548.80026,3,52,0,0.0127,74016,False,False
202038,2020-09-18,152,PA,Oriximiná,1505304,city,4104,5544.74708,47,52,0,0.0127,74016,False,False
202038,2020-09-17,151,PA,Oriximiná,1505304,city,4057,5481.2473,42,52,0,0.0128,74016,False,False
202038,2020-09-16,150,PA,Oriximiná,1505304,city,4015,5424.50281,3,52,1,0.013,74016,False,False
202038,2020-09-15,149,PA,Oriximiná,1505304,city,4012,5420.44963,6,51,0,0.0127,74016,False,False
202038,2020-09-14,148,PA,Oriximiná,1505304,city,4006,5412.34328,17,51,1,0.0127,74016,False,False
202038,2020-09-13,147,PA,Oriximiná,1505304,city,3989,5389.37527,29,50,2,0.0125,74016,False,False
202037,2020-09-12,146,PA,Oriximiná,1505304,city,3960,5350.19455,58,48,6,0.0121,74016,False,False
202037,2020-09-11,145,PA,Oriximiná,1505304,city,3902,5271.83312,0,42,0,0.0108,74016,False,False
202037,2020-09-10,144,PA,Oriximiná,1505304,city,3902,5271.83312,52,42,0,0.0108,74016,False,False
202037,2020-09-09,143,PA,Oriximiná,1505304,city,3850,5201.57804,51,42,0,0.0109,74016,False,False
202037,2020-09-08,142,PA,Oriximiná,1505304,city,3799,5132.67402,18,42,0,0.0111,74016,False,False
202037,2020-09-07,141,PA,Oriximiná,1505304,city,3781,5108.35495,0,42,0,0.0111,74016,False,False
202037,2020-09-06,140,PA,Oriximiná,1505304,city,3781,5108.35495,1,42,1,0.0111,74016,False,False
202036,2020-09-05,139,PA,Oriximiná,1505304,city,3780,5107.00389,0,41,0,0.0108,74016,False,False
202036,2020-09-04,138,PA,Oriximiná,1505304,city,3780,5107.00389,19,41,0,0.0108,74016,False,False
202036,2020-09-03,137,PA,Oriximiná,1505304,city,3761,5081.33377,36,41,1,0.0109,74016,False,False
202036,2020-09-02,136,PA,Oriximiná,1505304,city,3725,5032.69563,73,40,1,0.0107,74016,False,False
202036,2020-09-01,135,PA,Oriximiná,1505304,city,3652,4934.06831,2,39,1,0.0107,74016,False,False
202036,2020-08-31,134,PA,Oriximiná,1505304,city,3650,4931.36619,51,38,0,0.0104,74016,False,False
202036,2020-08-30,133,PA,Oriximiná,1505304,city,3599,4862.46217,47,38,0,0.0106,74016,False,False
202035,2020-08-29,132,PA,Oriximiná,1505304,city,3552,4798.96239,0,38,0,0.0107,74016,False,False
202035,2020-08-28,131,PA,Oriximiná,1505304,city,3552,4798.96239,107,38,0,0.0107,74016,False,False
202035,2020-08-27,130,PA,Oriximiná,1505304,city,3445,4654.39905,59,38,0,0.011,74016,False,False
202035,2020-08-26,129,PA,Oriximiná,1505304,city,3386,4574.68655,11,38,0,0.0112,74016,False,False
202035,2020-08-25,128,PA,Oriximiná,1505304,city,3375,4559.8249,0,38,0,0.0113,74016,False,False
202035,2020-08-24,127,PA,Oriximiná,1505304,city,3375,4559.8249,0,38,0,0.0113,74016,False,False
202035,2020-08-23,126,PA,Oriximiná,1505304,city,3375,4559.8249,0,38,0,0.0113,74016,False,False
202034,2020-08-22,125,PA,Oriximiná,1505304,city,3375,4559.8249,52,38,1,0.0113,74016,False,False
202034,2020-08-21,124,PA,Oriximiná,1505304,city,3323,4489.56982,161,37,1,0.0111,74016,False,False
202034,2020-08-20,123,PA,Oriximiná,1505304,city,3162,4272.04929,0,36,0,0.0114,74016,False,True
202034,2020-08-19,122,PA,Oriximiná,1505304,city,3162,4272.04929,57,36,0,0.0114,74016,False,False
202034,2020-08-18,121,PA,Oriximiná,1505304,city,3105,4195.03891,0,36,0,0.0116,74016,False,True
202034,2020-08-17,120,PA,Oriximiná,1505304,city,3105,4195.03891,0,36,2,0.0116,74016,False,False
202034,2020-08-16,119,PA,Oriximiná,1505304,city,3105,4195.03891,24,34,0,0.011,74016,False,False
202033,2020-08-15,118,PA,Oriximiná,1505304,city,3081,4162.61349,33,34,0,0.011,74016,False,False
202033,2020-08-14,117,PA,Oriximiná,1505304,city,3048,4118.02853,24,34,1,0.0112,74016,False,False
202033,2020-08-13,116,PA,Oriximiná,1505304,city,3024,4085.60311,46,33,0,0.0109,74016,False,False
202033,2020-08-12,115,PA,Oriximiná,1505304,city,2978,4023.45439,69,33,0,0.0111,74016,False,False
202033,2020-08-11,114,PA,Oriximiná,1505304,city,2909,3930.2313,112,33,0,0.0113,74016,False,False
202033,2020-08-10,113,PA,Oriximiná,1505304,city,2797,3778.91267,20,33,0,0.0118,74016,False,False
202033,2020-08-09,112,PA,Oriximiná,1505304,city,2777,3751.89148,83,33,1,0.0119,74016,False,False
202032,2020-08-08,111,PA,Oriximiná,1505304,city,2694,3639.75357,0,32,1,0.0119,74016,False,False
202032,2020-08-07,110,PA,Oriximiná,1505304,city,2694,3639.75357,91,31,2,0.0115,74016,False,False
202032,2020-08-06,109,PA,Oriximiná,1505304,city,2603,3516.80718,6,29,1,0.0111,74016,False,False
202032,2020-08-05,108,PA,Oriximiná,1505304,city,2597,3508.70082,9,28,0,0.0108,74016,False,False
202032,2020-08-04,107,PA,Oriximiná,1505304,city,2588,3496.54129,3,28,0,0.0108,74016,False,False
202032,2020-08-03,106,PA,Oriximiná,1505304,city,2585,3492.48811,42,28,1,0.0108,74016,False,False
202032,2020-08-02,105,PA,Oriximiná,1505304,city,2543,3435.74362,6,27,0,0.0106,74016,False,False
202031,2020-08-01,104,PA,Oriximiná,1505304,city,2537,3427.63727,0,27,0,0.0106,74016,False,False
202031,2020-07-31,103,PA,Oriximiná,1505304,city,2537,3427.63727,8,27,0,0.0106,74016,False,False
202031,2020-07-30,102,PA,Oriximiná,1505304,city,2529,3416.82879,0,27,0,0.0107,74016,False,False
202031,2020-07-29,101,PA,Oriximiná,1505304,city,2529,3416.82879,34,27,0,0.0107,74016,False,False
202031,2020-07-28,100,PA,Oriximiná,1505304,city,2495,3370.89278,67,27,2,0.0108,74016,False,False
202031,2020-07-27,99,PA,Oriximiná,1505304,city,2428,3280.37181,32,25,2,0.0103,74016,False,False
202031,2020-07-26,98,PA,Oriximiná,1505304,city,2396,3237.13792,89,23,0,0.0096,74016,False,False
202030,2020-07-25,97,PA,Oriximiná,1505304,city,2307,3116.89364,29,23,0,0.01,74016,False,False
202030,2020-07-24,96,PA,Oriximiná,1505304,city,2278,3077.71293,34,23,0,0.0101,74016,False,False
202030,2020-07-23,95,PA,Oriximiná,1505304,city,2244,3031.77691,46,23,0,0.0102,74016,False,False
202030,2020-07-22,94,PA,Oriximiná,1505304,city,2198,2969.62819,44,23,0,0.0105,74016,False,False
202030,2020-07-21,93,PA,Oriximiná,1505304,city,2154,2910.18158,18,23,0,0.0107,74016,False,False
202030,2020-07-20,92,PA,Oriximiná,1505304,city,2136,2885.86252,79,23,0,0.0108,74016,False,False
202030,2020-07-19,91,PA,Oriximiná,1505304,city,2057,2779.12884,86,23,0,0.0112,74016,False,False
202029,2020-07-18,90,PA,Oriximiná,1505304,city,1971,2662.93774,0,23,0,0.0117,74016,False,False
202029,2020-07-17,89,PA,Oriximiná,1505304,city,1971,2662.93774,20,23,0,0.0117,74016,False,False
202029,2020-07-16,88,PA,Oriximiná,1505304,city,1951,2635.91656,2,23,1,0.0118,74016,False,False
202029,2020-07-15,87,PA,Oriximiná,1505304,city,1949,2633.21444,33,22,1,0.0113,74016,False,False
202029,2020-07-14,86,PA,Oriximiná,1505304,city,1916,2588.62949,17,21,0,0.011,74016,False,False
202029,2020-07-13,85,PA,Oriximiná,1505304,city,1899,2565.66148,83,21,0,0.0111,74016,False,False
202029,2020-07-12,84,PA,Oriximiná,1505304,city,1816,2453.52356,221,21,0,0.0116,74016,False,False
202028,2020-07-11,83,PA,Oriximiná,1505304,city,1595,2154.93947,43,21,0,0.0132,74016,False,False
202028,2020-07-10,82,PA,Oriximiná,1505304,city,1552,2096.84393,55,21,0,0.0135,74016,False,False
202028,2020-07-09,81,PA,Oriximiná,1505304,city,1497,2022.53567,28,21,0,0.014,74016,False,False
202028,2020-07-08,80,PA,Oriximiná,1505304,city,1469,1984.70601,1,21,0,0.0143,74016,False,False
202028,2020-07-07,79,PA,Oriximiná,1505304,city,1468,1983.35495,1,21,0,0.0143,74016,False,False
202028,2020-07-06,78,PA,Oriximiná,1505304,city,1467,1982.00389,44,21,0,0.0143,74016,False,False
202028,2020-07-05,77,PA,Oriximiná,1505304,city,1423,1922.55728,16,21,0,0.0148,74016,False,False
202027,2020-07-04,76,PA,Oriximiná,1505304,city,1407,1900.94034,84,21,0,0.0149,74016,False,False
202027,2020-07-03,75,PA,Oriximiná,1505304,city,1323,1787.45136,218,21,0,0.0159,74016,False,False
202027,2020-07-02,74,PA,Oriximiná,1505304,city,1105,1492.92045,19,21,0,0.019,74016,False,False
202027,2020-07-01,73,PA,Oriximiná,1505304,city,1086,1467.25032,13,21,0,0.0193,74016,False,False
202027,2020-06-30,72,PA,Oriximiná,1505304,city,1073,1449.68655,115,21,0,0.0196,74016,False,False
202027,2020-06-29,71,PA,Oriximiná,1505304,city,958,1294.31474,60,21,0,0.0219,74016,False,False
202027,2020-06-28,70,PA,Oriximiná,1505304,city,898,1213.25119,43,21,0,0.0234,74016,False,False
202026,2020-06-27,69,PA,Oriximiná,1505304,city,855,1155.15564,0,21,0,0.0246,74016,False,False
202026,2020-06-26,68,PA,Oriximiná,1505304,city,855,1155.15564,15,21,0,0.0246,74016,False,False
202026,2020-06-25,67,PA,Oriximiná,1505304,city,840,1134.88975,28,21,0,0.025,74016,False,False
202026,2020-06-24,66,PA,Oriximiná,1505304,city,812,1097.0601,181,21,0,0.0259,74016,False,False
202026,2020-06-23,65,PA,Oriximiná,1505304,city,631,852.51837,15,21,0,0.0333,74016,False,False
202026,2020-06-22,64,PA,Oriximiná,1505304,city,616,832.25249,59,21,0,0.0341,74016,False,False
202026,2020-06-21,63,PA,Oriximiná,1505304,city,557,752.53999,65,21,1,0.0377,74016,False,False
202025,2020-06-20,62,PA,Oriximiná,1505304,city,492,664.72114,0,20,0,0.0407,74016,False,False
202025,2020-06-19,61,PA,Oriximiná,1505304,city,492,664.72114,117,20,0,0.0407,74016,False,False
202025,2020-06-18,60,PA,Oriximiná,1505304,city,375,506.64721,1,20,0,0.0533,74016,False,False
202025,2020-06-17,59,PA,Oriximiná,1505304,city,374,505.29615,0,20,0,0.0535,74016,False,False
202025,2020-06-16,58,PA,Oriximiná,1505304,city,374,505.29615,0,20,0,0.0535,74016,False,False
202025,2020-06-15,57,PA,Oriximiná,1505304,city,374,505.29615,1,20,0,0.0535,74016,False,False
202025,2020-06-14,56,PA,Oriximiná,1505304,city,373,503.94509,21,20,0,0.0536,74016,False,False
202024,2020-06-13,55,PA,Oriximiná,1505304,city,352,475.57285,23,20,0,0.0568,74016,False,False
202024,2020-06-12,54,PA,Oriximiná,1505304,city,329,444.49849,13,20,0,0.0608,74016,False,False
202024,2020-06-11,53,PA,Oriximiná,1505304,city,316,426.93472,1,20,1,0.0633,74016,False,False
202024,2020-06-10,52,PA,Oriximiná,1505304,city,315,425.58366,41,19,0,0.0603,74016,False,False
202024,2020-06-09,51,PA,Oriximiná,1505304,city,274,370.19023,19,19,0,0.0693,74016,False,False
202024,2020-06-08,50,PA,Oriximiná,1505304,city,255,344.5201,7,19,0,0.0745,74016,False,False
202024,2020-06-07,49,PA,Oriximiná,1505304,city,248,335.06269,15,19,0,0.0766,74016,False,False
202023,2020-06-06,48,PA,Oriximiná,1505304,city,233,314.7968,0,19,0,0.0815,74016,False,False
202023,2020-06-05,47,PA,Oriximiná,1505304,city,233,314.7968,122,19,8,0.0815,74016,False,False
202023,2020-06-04,46,PA,Oriximiná,1505304,city,111,149.96757,81,11,7,0.0991,74016,False,False
202023,2020-06-03,45,PA,Oriximiná,1505304,city,30,40.53178,1,4,0,0.1333,74016,False,False
202023,2020-06-02,44,PA,Oriximiná,1505304,city,29,39.18072,0,4,0,0.1379,74016,False,False
202023,2020-06-01,43,PA,Oriximiná,1505304,city,29,39.18072,4,4,0,0.1379,74016,False,False
202023,2020-05-31,42,PA,Oriximiná,1505304,city,25,33.77648,0,4,0,0.16,74016,False,False
202022,2020-05-30,41,PA,Oriximiná,1505304,city,25,33.77648,0,4,0,0.16,74016,False,False
202022,2020-05-29,40,PA,Oriximiná,1505304,city,25,33.77648,2,4,0,0.16,74016,False,False
202022,2020-05-28,39,PA,Oriximiná,1505304,city,23,31.07436,0,4,0,0.1739,74016,False,False
202022,2020-05-27,38,PA,Oriximiná,1505304,city,23,31.07436,0,4,0,0.1739,74016,False,False
202022,2020-05-26,37,PA,Oriximiná,1505304,city,23,31.07436,0,4,0,0.1739,74016,False,False
202022,2020-05-25,36,PA,Oriximiná,1505304,city,23,31.07436,7,4,0,0.1739,74016,False,False
202022,2020-05-24,35,PA,Oriximiná,1505304,city,16,21.61695,0,4,0,0.25,74016,False,False
202021,2020-05-23,34,PA,Oriximiná,1505304,city,16,21.61695,2,4,0,0.25,74016,False,False
202021,2020-05-22,33,PA,Oriximiná,1505304,city,14,18.91483,0,4,0,0.2857,74016,False,False
202021,2020-05-21,32,PA,Oriximiná,1505304,city,14,18.91483,0,4,0,0.2857,74016,False,False
202021,2020-05-20,31,PA,Oriximiná,1505304,city,14,18.91483,4,4,0,0.2857,74016,False,False
202021,2020-05-19,30,PA,Oriximiná,1505304,city,10,13.51059,0,4,0,0.4,74016,False,True
202021,2020-05-18,29,PA,Oriximiná,1505304,city,10,13.51059,1,4,0,0.4,74016,False,False
202021,2020-05-17,28,PA,Oriximiná,1505304,city,9,12.15953,0,4,0,0.4444,74016,False,False
202020,2020-05-16,27,PA,Oriximiná,1505304,city,9,12.15953,0,4,0,0.4444,74016,False,False
202020,2020-05-15,26,PA,Oriximiná,1505304,city,9,12.15953,3,4,0,0.4444,74016,False,False
202020,2020-05-14,25,PA,Oriximiná,1505304,city,6,8.10636,0,4,2,0.6667,74016,False,False
202020,2020-05-13,24,PA,Oriximiná,1505304,city,6,8.10636,2,2,0,0.3333,74016,False,False
202020,2020-05-12,23,PA,Oriximiná,1505304,city,4,5.40424,3,2,2,0.5,74016,False,False
202020,2020-05-11,22,PA,Oriximiná,1505304,city,1,1.35106,0,0,0,0.0,74016,False,False
202020,2020-05-10,21,PA,Oriximiná,1505304,city,1,1.35106,0,0,0,0.0,74016,False,False
202019,2020-05-09,20,PA,Oriximiná,1505304,city,1,1.35106,0,0,0,0.0,74016,False,False
202019,2020-05-08,19,PA,Oriximiná,1505304,city,1,1.35106,0,0,0,0.0,74016,False,False
202019,2020-05-07,18,PA,Oriximiná,1505304,city,1,1.35106,0,0,0,0.0,74016,False,False
202019,2020-05-06,17,PA,Oriximiná,1505304,city,1,1.35106,0,0,0,0.0,74016,False,False
202019,2020-05-05,16,PA,Oriximiná,1505304,city,1,1.35106,0,0,0,0.0,74016,False,False
202019,2020-05-04,15,PA,Oriximiná,1505304,city,1,1.35106,0,0,0,0.0,74016,False,False
202019,2020-05-03,14,PA,Oriximiná,1505304,city,1,1.35106,1,0,0,0.0,74016,False,False
202018,2020-05-02,13,PA,Oriximiná,1505304,city,0,,0,0,0,0.0,74016,False,False
202018,2020-05-01,12,PA,Oriximiná,1505304,city,0,,-1,0,0,0.0,74016,False,False
202018,2020-04-30,11,PA,Oriximiná,1505304,city,1,1.35106,0,0,0,0.0,74016,False,False
202018,2020-04-29,10,PA,Oriximiná,1505304,city,1,1.35106,0,0,0,0.0,74016,False,False
202018,2020-04-28,9,PA,Oriximiná,1505304,city,1,1.35106,0,0,0,0.0,74016,False,False
202018,2020-04-27,8,PA,Oriximiná,1505304,city,1,1.35106,0,0,0,0.0,74016,False,False
202018,2020-04-26,7,PA,Oriximiná,1505304,city,1,1.35106,1,0,0,0.0,74016,False,False
202017,2020-04-25,6,PA,Oriximiná,1505304,city,0,,0,0,0,0.0,74016,False,False
202017,2020-04-24,5,PA,Oriximiná,1505304,city,0,,0,0,0,0.0,74016,False,False
202017,2020-04-23,4,PA,Oriximiná,1505304,city,0,,0,0,0,0.0,74016,False,False
202017,2020-04-22,3,PA,Oriximiná,1505304,city,0,,-1,0,0,0.0,74016,False,False
202017,2020-04-21,2,PA,Oriximiná,1505304,city,1,1.35106,0,0,0,0.0,74016,False,False
202017,2020-04-20,1,PA,Oriximiná,1505304,city,1,1.35106,1,0,0,0.0,74016,False,False
